fixture_id,expected_styles,selected_styles,leading_style,ranked_styles,abstention,false_positives,false_negatives,official_business_score,official_business_lexical_support,official_business_morphological_support,official_business_syntactic_support,official_business_discourse_support,official_business_punctuation_support,official_business_detected_feature_ids,official_business_evidence_count,scientific_score,scientific_lexical_support,scientific_morphological_support,scientific_syntactic_support,scientific_discourse_support,scientific_punctuation_support,scientific_detected_feature_ids,scientific_evidence_count,publicistic_score,publicistic_lexical_support,publicistic_morphological_support,publicistic_syntactic_support,publicistic_discourse_support,publicistic_punctuation_support,publicistic_detected_feature_ids,publicistic_evidence_count,oratorical_score,oratorical_lexical_support,oratorical_morphological_support,oratorical_syntactic_support,oratorical_discourse_support,oratorical_punctuation_support,oratorical_detected_feature_ids,oratorical_evidence_count,conversational_score,conversational_lexical_support,conversational_morphological_support,conversational_syntactic_support,conversational_discourse_support,conversational_punctuation_support,conversational_detected_feature_ids,conversational_evidence_count
official_order,official_business,official_business,official_business,official_business;scientific;conversational;oratorical;publicistic,False,,,0.266667,0.0,0.666667,0.0,0.666667,0.0,v2.official.cliche;v2.shared.deverbal_nouns;v2.official.reflexive_verbs,5,0.133333,0.0,0.666667,0.0,0.0,0.0,v2.shared.deverbal_nouns,2,0.0,0.0,0.0,0.0,0.0,0.0,,0,0.0,0.0,0.0,0.0,0.0,0.0,,0,0.0,0.0,0.0,0.0,0.0,0.0,,0
official_notice,official_business,official_business,official_business,official_business;conversational;publicistic;oratorical;scientific,False,,,0.333333,0.333333,0.333333,0.0,1.0,0.0,v2.official.abbreviation;v2.official.cliche;v2.official.reflexive_verbs,5,0.0,0.0,0.0,0.0,0.0,0.0,,0,0.066667,0.0,0.0,0.0,0.0,0.333333,v2.publicistic.quotation,1,0.0,0.0,0.0,0.0,0.0,0.0,,0,0.066667,0.333333,0.0,0.0,0.0,0.0,v2.conversational.stratified_lexicon,1
official_procedure,official_business,official_business,official_business,official_business;scientific;conversational;oratorical;publicistic,False,,,0.2,0.0,0.666667,0.0,0.0,0.333333,v2.shared.deverbal_nouns;v2.official.reflexive_verbs;v2.official.enumeration,4,0.133333,0.0,0.666667,0.0,0.0,0.0,v2.shared.deverbal_nouns,2,0.0,0.0,0.0,0.0,0.0,0.0,,0,0.0,0.0,0.0,0.0,0.0,0.0,,0,0.0,0.0,0.0,0.0,0.0,0.0,,0
official_protocol,official_business,official_business,official_business,official_business;scientific;conversational;oratorical;publicistic,False,,,0.266667,0.0,1.0,0.0,0.0,0.333333,v2.shared.deverbal_nouns;v2.official.enumeration,4,0.2,0.0,1.0,0.0,0.0,0.0,v2.shared.deverbal_nouns,3,0.0,0.0,0.0,0.0,0.0,0.0,,0,0.0,0.0,0.0,0.0,0.0,0.0,,0,0.0,0.0,0.0,0.0,0.0,0.0,,0
official_application,official_business,official_business,official_business,official_business;scientific;conversational;oratorical;publicistic,False,,,0.333333,0.333333,1.0,0.0,0.333333,0.0,v2.official.abbreviation;v2.official.cliche;v2.shared.deverbal_nouns;v2.official.reflexive_verbs,7,0.133333,0.0,0.666667,0.0,0.0,0.0,v2.shared.deverbal_nouns,2,0.0,0.0,0.0,0.0,0.0,0.0,,0,0.0,0.0,0.0,0.0,0.0,0.0,,0,0.0,0.0,0.0,0.0,0.0,0.0,,0
scientific_definition,scientific,scientific,scientific,scientific;official_business;conversational;oratorical;publicistic,False,,,0.133333,0.0,0.666667,0.0,0.0,0.0,v2.shared.deverbal_nouns;v2.official.reflexive_verbs,4,0.4,0.333333,0.666667,0.666667,0.333333,0.0,v2.shared.deverbal_nouns;v2.scientific.definition;v2.scientific.logical_connectors;v2.scientific.terminology_candidate,6,0.0,0.0,0.0,0.0,0.0,0.0,,0,0.0,0.0,0.0,0.0,0.0,0.0,,0,0.0,0.0,0.0,0.0,0.0,0.0,,0
scientific_experiment,scientific,scientific,scientific,scientific;official_business;publicistic;conversational;oratorical,False,,,0.066667,0.0,0.333333,0.0,0.0,0.0,v2.shared.deverbal_nouns,1,0.333333,0.666667,0.0,0.0,0.666667,0.333333,v2.shared.deverbal_nouns;v2.scientific.logical_connectors;v2.scientific.citation;v2.scientific.terminology_candidate,6,0.066667,0.333333,0.0,0.0,0.0,0.0,v2.publicistic.evaluative_lexicon,1,0.0,0.0,0.0,0.0,0.0,0.0,,0,0.0,0.0,0.0,0.0,0.0,0.0,,0
scientific_article,scientific,scientific,scientific,scientific;conversational;official_business;oratorical;publicistic,False,,,0.0,0.0,0.0,0.0,0.0,0.0,,0,0.333333,1.0,0.0,0.0,0.333333,0.333333,v2.scientific.logical_connectors;v2.scientific.citation;v2.scientific.terminology_candidate,5,0.0,0.0,0.0,0.0,0.0,0.0,,0,0.0,0.0,0.0,0.0,0.0,0.0,,0,0.066667,0.333333,0.0,0.0,0.0,0.0,v2.conversational.stratified_lexicon,1
scientific_results,scientific,scientific,scientific,scientific;official_business;publicistic;conversational;oratorical,False,,,0.133333,0.0,0.666667,0.0,0.0,0.0,v2.shared.deverbal_nouns;v2.official.reflexive_verbs,3,0.333333,0.333333,0.666667,0.333333,0.333333,0.0,v2.shared.deverbal_nouns;v2.scientific.definition;v2.scientific.logical_connectors;v2.scientific.terminology_candidate,5,0.066667,0.0,0.0,0.0,0.0,0.333333,v2.publicistic.quotation,1,0.0,0.0,0.0,0.0,0.0,0.0,,0,0.0,0.0,0.0,0.0,0.0,0.0,,0
scientific_model,scientific,scientific,scientific,scientific;official_business;conversational;oratorical;publicistic,False,,,0.133333,0.0,0.666667,0.0,0.0,0.0,v2.shared.deverbal_nouns;v2.official.reflexive_verbs,3,0.266667,0.666667,0.0,0.0,0.333333,0.333333,v2.shared.deverbal_nouns;v2.scientific.logical_connectors;v2.scientific.citation;v2.scientific.terminology_candidate,5,0.0,0.0,0.0,0.0,0.0,0.0,,0,0.0,0.0,0.0,0.0,0.0,0.0,,0,0.0,0.0,0.0,0.0,0.0,0.0,,0
publicistic_city,publicistic,publicistic,publicistic,publicistic;official_business;scientific;conversational;oratorical,False,,,0.066667,0.0,0.333333,0.0,0.0,0.0,v2.shared.deverbal_nouns,1,0.066667,0.0,0.333333,0.0,0.0,0.0,v2.shared.deverbal_nouns,1,0.133333,0.333333,0.0,0.0,0.0,0.333333,v2.publicistic.evaluative_lexicon;v2.publicistic.quotation;v2.publicistic.exclamation,3,0.0,0.0,0.0,0.0,0.0,0.0,,0,0.0,0.0,0.0,0.0,0.0,0.0,,0
publicistic_education,publicistic,,conversational,conversational;publicistic;official_business;scientific;oratorical,True,,publicistic,0.066667,0.0,0.333333,0.0,0.0,0.0,v2.shared.deverbal_nouns;v2.official.reflexive_verbs,2,0.066667,0.0,0.333333,0.0,0.0,0.0,v2.shared.deverbal_nouns,1,0.133333,0.0,0.0,0.666667,0.0,0.0,v2.publicistic.parceling_candidate,2,0.0,0.0,0.0,0.0,0.0,0.0,,0,0.133333,0.0,0.0,0.666667,0.0,0.0,v2.conversational.incomplete_sentence,2
publicistic_environment,publicistic,,official_business,official_business;publicistic;conversational;oratorical;scientific,True,,publicistic,0.066667,0.0,0.333333,0.0,0.0,0.0,v2.official.reflexive_verbs,1,0.0,0.0,0.0,0.0,0.0,0.0,,0,0.066667,0.0,0.0,0.0,0.0,0.333333,v2.publicistic.quotation;v2.publicistic.exclamation,2,0.0,0.0,0.0,0.0,0.0,0.0,,0,0.0,0.0,0.0,0.0,0.0,0.0,,0
publicistic_comment,publicistic,conversational;publicistic,publicistic,publicistic;conversational;official_business;scientific;oratorical,False,conversational,,0.2,0.0,1.0,0.0,0.0,0.0,v2.shared.deverbal_nouns,4,0.2,0.0,1.0,0.0,0.0,0.0,v2.shared.deverbal_nouns;v2.shared.lexical_repetition,7,0.266667,0.333333,0.0,0.666667,0.333333,0.0,v2.shared.lexical_repetition;v2.publicistic.evaluative_lexicon;v2.publicistic.parceling_candidate,6,0.066667,0.0,0.0,0.0,0.333333,0.0,v2.shared.lexical_repetition;v2.oratorical.rhetorical_question_candidate,4,0.2,0.333333,0.0,0.666667,0.0,0.0,v2.conversational.stratified_lexicon;v2.conversational.incomplete_sentence,3
publicistic_culture,publicistic,conversational;publicistic,publicistic,publicistic;conversational;official_business;oratorical;scientific,False,conversational,,0.0,0.0,0.0,0.0,0.0,0.0,,0,0.0,0.0,0.0,0.0,0.0,0.0,,0,0.466667,1.0,0.0,1.0,0.0,0.333333,v2.publicistic.evaluative_lexicon;v2.publicistic.quotation;v2.publicistic.exclamation;v2.publicistic.parceling_candidate,8,0.0,0.0,0.0,0.0,0.0,0.0,,0,0.266667,0.333333,0.0,1.0,0.0,0.0,v2.conversational.stratified_lexicon;v2.conversational.incomplete_sentence,4
oratorical_colleagues,oratorical,oratorical,oratorical,oratorical;conversational;publicistic;official_business;scientific,False,,,0.0,0.0,0.0,0.0,0.0,0.0,,0,0.0,0.0,0.0,0.0,0.0,0.0,,0,0.066667,0.333333,0.0,0.0,0.0,0.0,v2.publicistic.evaluative_lexicon,1,0.266667,0.666667,0.333333,0.0,0.333333,0.0,v2.oratorical.direct_address;v2.oratorical.imperative;v2.oratorical.audience_address,4,0.066667,0.333333,0.0,0.0,0.0,0.0,v2.conversational.stratified_lexicon,1
oratorical_friends,oratorical,conversational;oratorical,oratorical,oratorical;conversational;official_business;publicistic;scientific,False,conversational,,0.133333,0.0,0.666667,0.0,0.0,0.0,v2.official.reflexive_verbs,2,0.0,0.0,0.0,0.0,0.0,0.0,,0,0.0,0.0,0.0,0.0,0.0,0.0,,0,0.2,0.333333,0.333333,0.0,0.333333,0.0,v2.oratorical.direct_address;v2.oratorical.question_answer;v2.oratorical.rhetorical_question_candidate;v2.oratorical.imperative;v2.oratorical.audience_address,5,0.133333,0.333333,0.0,0.333333,0.0,0.0,v2.conversational.stratified_lexicon;v2.conversational.incomplete_sentence,2
oratorical_citizens,oratorical,oratorical,oratorical,oratorical;conversational;official_business;publicistic;scientific,False,,,0.0,0.0,0.0,0.0,0.0,0.0,,0,0.0,0.0,0.0,0.0,0.0,0.0,,0,0.0,0.0,0.0,0.0,0.0,0.0,,0,0.2,0.333333,0.333333,0.0,0.333333,0.0,v2.oratorical.direct_address;v2.oratorical.imperative;v2.oratorical.audience_address,3,0.066667,0.333333,0.0,0.0,0.0,0.0,v2.conversational.stratified_lexicon,1
oratorical_question_answer,oratorical,oratorical,oratorical,oratorical;conversational;official_business;publicistic;scientific,False,,,0.0,0.0,0.0,0.0,0.0,0.0,,0,0.0,0.0,0.0,0.0,0.0,0.0,,0,0.0,0.0,0.0,0.0,0.0,0.0,,0,0.2,0.333333,0.333333,0.0,0.333333,0.0,v2.oratorical.question_answer;v2.oratorical.rhetorical_question_candidate;v2.oratorical.imperative;v2.oratorical.audience_address,4,0.0,0.0,0.0,0.0,0.0,0.0,,0
oratorical_memory,oratorical,oratorical,oratorical,oratorical;conversational;official_business;publicistic;scientific,False,,,0.0,0.0,0.0,0.0,0.0,0.0,,0,0.0,0.0,0.0,0.0,0.0,0.0,,0,0.0,0.0,0.0,0.0,0.0,0.0,,0,0.2,0.333333,0.333333,0.0,0.333333,0.0,v2.oratorical.direct_address;v2.oratorical.imperative;v2.oratorical.audience_address,3,0.0,0.0,0.0,0.0,0.0,0.0,,0
conversational_weekend,conversational,conversational,conversational,conversational;official_business;oratorical;publicistic;scientific,False,,,0.0,0.0,0.0,0.0,0.0,0.0,,0,0.0,0.0,0.0,0.0,0.0,0.0,,0,0.0,0.0,0.0,0.0,0.0,0.0,,0,0.0,0.0,0.0,0.0,0.0,0.0,,0,0.333333,1.0,0.0,0.333333,0.0,0.333333,v2.conversational.particles;v2.conversational.stratified_lexicon;v2.conversational.ellipsis_candidate;v2.conversational.incomplete_sentence,6
conversational_trip,conversational,conversational,conversational,conversational;publicistic;official_business;oratorical;scientific,False,,,0.0,0.0,0.0,0.0,0.0,0.0,,0,0.0,0.0,0.0,0.0,0.0,0.0,,0,0.2,0.0,0.0,1.0,0.0,0.0,v2.publicistic.parceling_candidate,4,0.0,0.0,0.0,0.0,0.0,0.0,,0,0.4,0.666667,0.0,1.0,0.0,0.333333,v2.conversational.particles;v2.conversational.stratified_lexicon;v2.conversational.ellipsis_candidate;v2.conversational.incomplete_sentence,8
conversational_meeting,conversational,conversational,conversational,conversational;publicistic;official_business;oratorical;scientific,False,,,0.0,0.0,0.0,0.0,0.0,0.0,,0,0.0,0.0,0.0,0.0,0.0,0.0,,0,0.2,0.0,0.0,1.0,0.0,0.0,v2.publicistic.parceling_candidate,3,0.0,0.0,0.0,0.0,0.0,0.0,,0,0.333333,0.666667,0.0,0.666667,0.0,0.333333,v2.conversational.particles;v2.conversational.stratified_lexicon;v2.conversational.ellipsis_candidate;v2.conversational.incomplete_sentence,7
conversational_family,conversational,conversational,conversational,conversational;publicistic;official_business;oratorical;scientific,False,,,0.0,0.0,0.0,0.0,0.0,0.0,,0,0.0,0.0,0.0,0.0,0.0,0.0,,0,0.133333,0.0,0.0,0.666667,0.0,0.0,v2.publicistic.parceling_candidate,2,0.0,0.0,0.0,0.0,0.0,0.0,,0,0.2,0.333333,0.0,0.333333,0.0,0.333333,v2.conversational.particles;v2.conversational.stratified_lexicon;v2.conversational.ellipsis_candidate;v2.conversational.incomplete_sentence,4
conversational_purchase,conversational,conversational,conversational,conversational;publicistic;official_business;oratorical;scientific,False,,,0.066667,0.0,0.333333,0.0,0.0,0.0,v2.official.reflexive_verbs,1,0.0,0.0,0.0,0.0,0.0,0.0,,0,0.2,0.0,0.0,1.0,0.0,0.0,v2.publicistic.parceling_candidate,3,0.0,0.0,0.0,0.0,0.0,0.0,,0,0.4,1.0,0.0,0.666667,0.0,0.333333,v2.conversational.particles;v2.conversational.stratified_lexicon;v2.conversational.ellipsis_candidate;v2.conversational.incomplete_sentence,10
hard_scientific_question,scientific,scientific,scientific,scientific;official_business;conversational;oratorical;publicistic,False,,,0.2,0.0,1.0,0.0,0.0,0.0,v2.shared.deverbal_nouns;v2.official.reflexive_verbs,5,0.333333,0.333333,0.666667,0.0,0.333333,0.333333,v2.shared.deverbal_nouns;v2.scientific.logical_connectors;v2.scientific.citation;v2.scientific.terminology_candidate,5,0.0,0.0,0.0,0.0,0.0,0.0,,0,0.0,0.0,0.0,0.0,0.0,0.0,,0,0.0,0.0,0.0,0.0,0.0,0.0,,0
hard_official_terminology,official_business,official_business,official_business,official_business;scientific;conversational;oratorical;publicistic,False,,,0.266667,0.666667,0.333333,0.0,0.333333,0.0,v2.official.abbreviation;v2.official.cliche;v2.shared.deverbal_nouns;v2.official.reflexive_verbs,5,0.066667,0.0,0.333333,0.0,0.0,0.0,v2.shared.deverbal_nouns,1,0.0,0.0,0.0,0.0,0.0,0.0,,0,0.0,0.0,0.0,0.0,0.0,0.0,,0,0.0,0.0,0.0,0.0,0.0,0.0,,0
hard_publicistic_official_lexicon,publicistic,,official_business,official_business;scientific;conversational;publicistic;oratorical,True,,publicistic,0.2,0.0,1.0,0.0,0.0,0.0,v2.shared.deverbal_nouns;v2.official.reflexive_verbs,4,0.2,0.0,1.0,0.0,0.0,0.0,v2.shared.deverbal_nouns,3,0.066667,0.0,0.0,0.0,0.0,0.333333,v2.publicistic.quotation;v2.publicistic.exclamation,2,0.0,0.0,0.0,0.0,0.0,0.0,,0,0.066667,0.0,0.0,0.333333,0.0,0.0,v2.conversational.incomplete_sentence,1
hard_conversational_without_slang,conversational,conversational,conversational,conversational;official_business;oratorical;publicistic;scientific,False,,,0.0,0.0,0.0,0.0,0.0,0.0,,0,0.0,0.0,0.0,0.0,0.0,0.0,,0,0.0,0.0,0.0,0.0,0.0,0.0,,0,0.0,0.0,0.0,0.0,0.0,0.0,,0,0.266667,1.0,0.0,0.0,0.0,0.333333,v2.conversational.particles;v2.conversational.stratified_lexicon;v2.conversational.ellipsis_candidate,6
hard_oratorical_no_questions,oratorical,oratorical,oratorical,oratorical;publicistic;official_business;scientific;conversational,False,,,0.066667,0.0,0.333333,0.0,0.0,0.0,v2.shared.deverbal_nouns,1,0.066667,0.0,0.333333,0.0,0.0,0.0,v2.shared.deverbal_nouns,1,0.133333,0.666667,0.0,0.0,0.0,0.0,v2.publicistic.evaluative_lexicon,2,0.2,0.333333,0.333333,0.0,0.333333,0.0,v2.oratorical.direct_address;v2.oratorical.imperative;v2.oratorical.audience_address,3,0.0,0.0,0.0,0.0,0.0,0.0,,0
hard_mixed_official_scientific,official_business;scientific,official_business;scientific,scientific,scientific;official_business;conversational;oratorical;publicistic,False,,,0.2,0.0,0.666667,0.0,0.333333,0.0,v2.official.cliche;v2.shared.deverbal_nouns;v2.official.reflexive_verbs,4,0.266666,0.333333,0.333333,0.333333,0.333333,0.0,v2.shared.deverbal_nouns;v2.scientific.definition;v2.scientific.logical_connectors;v2.scientific.terminology_candidate,4,0.0,0.0,0.0,0.0,0.0,0.0,,0,0.0,0.0,0.0,0.0,0.0,0.0,,0,0.0,0.0,0.0,0.0,0.0,0.0,,0
hard_mixed_publicistic_oratorical,publicistic;oratorical,conversational;oratorical,conversational,conversational;oratorical;official_business;publicistic;scientific,False,conversational,publicistic,0.066667,0.0,0.333333,0.0,0.0,0.0,v2.official.reflexive_verbs,1,0.0,0.0,0.0,0.0,0.0,0.0,,0,0.066667,0.0,0.0,0.0,0.0,0.333333,v2.publicistic.exclamation,1,0.133333,0.0,0.333333,0.0,0.333333,0.0,v2.oratorical.direct_address;v2.oratorical.question_answer;v2.oratorical.rhetorical_question_candidate;v2.oratorical.imperative,4,0.133333,0.333333,0.0,0.333333,0.0,0.0,v2.conversational.stratified_lexicon;v2.conversational.incomplete_sentence,2
hard_short_ambiguous,,,conversational,conversational;official_business;scientific;oratorical;publicistic,True,,,0.066667,0.0,0.333333,0.0,0.0,0.0,v2.shared.deverbal_nouns,1,0.066667,0.0,0.333333,0.0,0.0,0.0,v2.shared.deverbal_nouns,1,0.0,0.0,0.0,0.0,0.0,0.0,,0,0.0,0.0,0.0,0.0,0.0,0.0,,0,0.066667,0.0,0.0,0.333333,0.0,0.0,v2.conversational.incomplete_sentence,1
hard_list,,,conversational,conversational;official_business;oratorical;publicistic;scientific,True,,,0.0,0.0,0.0,0.0,0.0,0.0,,0,0.0,0.0,0.0,0.0,0.0,0.0,,0,0.0,0.0,0.0,0.0,0.0,0.0,,0,0.0,0.0,0.0,0.0,0.0,0.0,,0,0.066667,0.333333,0.0,0.0,0.0,0.0,v2.conversational.stratified_lexicon,1
hard_neutral_information,,,conversational,conversational;official_business;scientific;oratorical;publicistic,True,,,0.066667,0.0,0.333333,0.0,0.0,0.0,v2.shared.deverbal_nouns,1,0.066667,0.0,0.333333,0.0,0.0,0.0,v2.shared.deverbal_nouns,1,0.0,0.0,0.0,0.0,0.0,0.0,,0,0.0,0.0,0.0,0.0,0.0,0.0,,0,0.066667,0.333333,0.0,0.0,0.0,0.0,v2.conversational.stratified_lexicon,1
