fixture_id,theme_id,expected,rank,semantic_score,lexical_score,combined_score,coverage,delta_from_best,ratio_to_best,segment_support_count,segment_count
law_court_hearing,law,1,1,0.617196,1.000000,0.712897,1.000000,0.000000,1.000000,1,1
law_court_hearing,sports,0,2,0.474421,0.333333,0.439149,1.000000,0.273748,0.616006,1,1
law_court_hearing,politics,0,3,0.472153,0.166667,0.395782,1.000000,0.317115,0.555174,1,1
law_court_hearing,science,0,4,0.477041,0.000000,0.357781,1.000000,0.355116,0.501869,1,1
law_court_hearing,religion,0,5,0.404799,0.166667,0.345266,0.000000,0.367631,0.484314,0,1
law_court_hearing,everyday,0,6,0.431212,0.000000,0.323409,1.000000,0.389488,0.453655,1,1
law_court_hearing,medicine,0,7,0.424307,0.000000,0.318230,1.000000,0.394667,0.446390,1,1
law_court_hearing,economics,0,8,0.424225,0.000000,0.318169,1.000000,0.394728,0.446304,1,1
law_court_hearing,it,0,9,0.401507,0.000000,0.301130,0.000000,0.411767,0.422403,0,1
law_court_hearing,military,0,10,0.385794,0.000000,0.289346,0.000000,0.423551,0.405873,0,1
law_criminal_case,law,1,1,0.675573,1.000000,0.756680,1.000000,0.000000,1.000000,1,1
law_criminal_case,science,0,2,0.503398,0.166667,0.419215,1.000000,0.337465,0.554019,1,1
law_criminal_case,politics,0,3,0.474799,0.166667,0.397766,1.000000,0.358914,0.525673,1,1
law_criminal_case,sports,0,4,0.472010,0.000000,0.354007,1.000000,0.402673,0.467842,1,1
law_criminal_case,medicine,0,5,0.470838,0.000000,0.353128,1.000000,0.403552,0.466681,1,1
law_criminal_case,economics,0,6,0.449962,0.000000,0.337471,1.000000,0.419209,0.445989,1,1
law_criminal_case,it,0,7,0.437227,0.000000,0.327920,1.000000,0.428760,0.433367,1,1
law_criminal_case,military,0,8,0.424772,0.000000,0.318579,1.000000,0.438101,0.421022,1,1
law_criminal_case,everyday,0,9,0.422981,0.000000,0.317236,1.000000,0.439444,0.419247,1,1
law_criminal_case,religion,0,10,0.422800,0.000000,0.317100,1.000000,0.439580,0.419068,1,1
law_contract_dispute,law,1,1,0.589687,0.666667,0.608932,1.000000,0.000000,1.000000,1,1
law_contract_dispute,economics,1,2,0.545713,0.333333,0.492618,1.000000,0.116314,0.808987,1,1
law_contract_dispute,everyday,0,3,0.493567,0.166667,0.411842,1.000000,0.197090,0.676335,1,1
law_contract_dispute,religion,0,4,0.423745,0.166667,0.359475,1.000000,0.249457,0.590337,1,1
law_contract_dispute,sports,0,5,0.465114,0.000000,0.348836,1.000000,0.260096,0.572865,1,1
law_contract_dispute,politics,0,6,0.434817,0.000000,0.326113,1.000000,0.282819,0.535549,1,1
law_contract_dispute,medicine,0,7,0.433445,0.000000,0.325084,1.000000,0.283848,0.533859,1,1
law_contract_dispute,science,0,8,0.430842,0.000000,0.323132,1.000000,0.285800,0.530654,1,1
law_contract_dispute,it,0,9,0.429592,0.000000,0.322194,1.000000,0.286738,0.529113,1,1
law_contract_dispute,military,0,10,0.420406,0.000000,0.315304,1.000000,0.293628,0.517798,1,1
law_appeal,law,1,1,0.655877,0.833333,0.700241,1.000000,0.000000,1.000000,1,1
law_appeal,sports,0,2,0.501636,0.166667,0.417894,1.000000,0.282347,0.596786,1,1
law_appeal,science,0,3,0.542005,0.000000,0.406504,1.000000,0.293737,0.580520,1,1
law_appeal,medicine,0,4,0.479949,0.166667,0.401629,1.000000,0.298612,0.573558,1,1
law_appeal,politics,0,5,0.514253,0.000000,0.385690,1.000000,0.314551,0.550796,1,1
law_appeal,military,0,6,0.450068,0.000000,0.337551,1.000000,0.362690,0.482050,1,1
law_appeal,everyday,0,7,0.431303,0.000000,0.323477,1.000000,0.376764,0.461951,1,1
law_appeal,religion,0,8,0.429325,0.000000,0.321994,1.000000,0.378247,0.459833,1,1
law_appeal,it,0,9,0.424060,0.000000,0.318045,1.000000,0.382196,0.454194,1,1
law_appeal,economics,0,10,0.423154,0.000000,0.317365,1.000000,0.382876,0.453223,1,1
medicine_diagnosis,medicine,1,1,0.648615,0.833333,0.694795,1.000000,0.000000,1.000000,1,1
medicine_diagnosis,science,0,2,0.503278,0.000000,0.377459,1.000000,0.317336,0.543267,1,1
medicine_diagnosis,sports,0,3,0.477368,0.000000,0.358026,1.000000,0.336769,0.515297,1,1
medicine_diagnosis,everyday,0,4,0.421210,0.166667,0.357574,1.000000,0.337221,0.514647,1,1
medicine_diagnosis,religion,0,5,0.452880,0.000000,0.339660,1.000000,0.355135,0.488864,1,1
medicine_diagnosis,politics,0,6,0.443820,0.000000,0.332865,1.000000,0.361930,0.479084,1,1
medicine_diagnosis,economics,0,7,0.434832,0.000000,0.326124,1.000000,0.368671,0.469382,1,1
medicine_diagnosis,military,0,8,0.427260,0.000000,0.320445,1.000000,0.374350,0.461208,1,1
medicine_diagnosis,law,0,9,0.422106,0.000000,0.316580,1.000000,0.378215,0.455645,1,1
medicine_diagnosis,it,0,10,0.398906,0.000000,0.299179,0.000000,0.395616,0.430600,0,1
medicine_surgery,medicine,1,1,0.697863,0.666667,0.690064,1.000000,0.000000,1.000000,1,1
medicine_surgery,sports,0,2,0.523971,0.166667,0.434645,1.000000,0.255419,0.629862,1,1
medicine_surgery,science,0,3,0.505725,0.166667,0.420960,1.000000,0.269104,0.610030,1,1
medicine_surgery,military,0,4,0.494735,0.166667,0.412718,1.000000,0.277346,0.598087,1,1
medicine_surgery,everyday,0,5,0.481042,0.166667,0.402448,1.000000,0.287616,0.583204,1,1
medicine_surgery,it,0,6,0.475168,0.166667,0.398043,1.000000,0.292021,0.576820,1,1
medicine_surgery,politics,0,7,0.460008,0.166667,0.386673,1.000000,0.303391,0.560344,1,1
medicine_surgery,religion,0,8,0.476578,0.000000,0.357434,1.000000,0.332630,0.517972,1,1
medicine_surgery,law,0,9,0.474051,0.000000,0.355538,1.000000,0.334526,0.515225,1,1
medicine_surgery,economics,0,10,0.431462,0.000000,0.323597,1.000000,0.366467,0.468938,1,1
medicine_vaccination,medicine,1,1,0.673809,0.166667,0.547023,1.000000,0.000000,1.000000,1,1
medicine_vaccination,science,0,2,0.508086,0.000000,0.381065,1.000000,0.165958,0.696616,1,1
medicine_vaccination,everyday,0,3,0.446919,0.166667,0.376856,1.000000,0.170167,0.688922,1,1
medicine_vaccination,sports,0,4,0.489013,0.000000,0.366760,1.000000,0.180263,0.670465,1,1
medicine_vaccination,military,0,5,0.477787,0.000000,0.358340,1.000000,0.188683,0.655073,1,1
medicine_vaccination,it,0,6,0.465464,0.000000,0.349098,1.000000,0.197925,0.638178,1,1
medicine_vaccination,religion,0,7,0.454613,0.000000,0.340960,1.000000,0.206063,0.623301,1,1
medicine_vaccination,law,0,8,0.454025,0.000000,0.340519,1.000000,0.206504,0.622495,1,1
medicine_vaccination,politics,0,9,0.440154,0.000000,0.330116,1.000000,0.216907,0.603477,1,1
medicine_vaccination,economics,0,10,0.438536,0.000000,0.328902,1.000000,0.218121,0.601258,1,1
medicine_trial,medicine,1,1,0.676249,0.000000,0.507187,1.000000,0.000000,1.000000,1,1
medicine_trial,science,1,2,0.603304,0.000000,0.452478,1.000000,0.054709,0.892132,1,1
medicine_trial,economics,0,3,0.452353,0.166667,0.380931,1.000000,0.126256,0.751066,1,1
medicine_trial,it,0,4,0.498531,0.000000,0.373898,1.000000,0.133289,0.737199,1,1
medicine_trial,law,0,5,0.485176,0.000000,0.363882,1.000000,0.143305,0.717451,1,1
medicine_trial,military,0,6,0.474636,0.000000,0.355977,1.000000,0.151210,0.701865,1,1
medicine_trial,sports,0,7,0.457368,0.000000,0.343026,1.000000,0.164161,0.676330,1,1
medicine_trial,religion,0,8,0.451613,0.000000,0.338710,1.000000,0.168477,0.667821,1,1
medicine_trial,politics,0,9,0.451521,0.000000,0.338641,1.000000,0.168546,0.667685,1,1
medicine_trial,everyday,0,10,0.407536,0.000000,0.305652,0.000000,0.201535,0.602642,0,1
it_server,it,1,1,0.627815,0.333333,0.554195,1.000000,0.000000,1.000000,1,1
it_server,science,0,2,0.491004,0.333333,0.451586,1.000000,0.102609,0.814850,1,1
it_server,everyday,0,3,0.438343,0.166667,0.370424,1.000000,0.183771,0.668400,1,1
it_server,sports,0,4,0.460265,0.000000,0.345199,1.000000,0.208996,0.622884,1,1
it_server,religion,0,5,0.439910,0.000000,0.329933,1.000000,0.224262,0.595337,1,1
it_server,military,0,6,0.433939,0.000000,0.325454,1.000000,0.228741,0.587255,1,1
it_server,politics,0,7,0.375258,0.166667,0.323110,0.000000,0.231085,0.583026,0,1
it_server,economics,0,8,0.430286,0.000000,0.322715,1.000000,0.231480,0.582313,1,1
it_server,medicine,0,9,0.424258,0.000000,0.318194,1.000000,0.236001,0.574155,1,1
it_server,law,0,10,0.409652,0.000000,0.307239,0.000000,0.246956,0.554388,0,1
it_database,it,1,1,0.634105,0.500000,0.600579,1.000000,0.000000,1.000000,1,1
it_database,economics,0,2,0.510534,0.166667,0.424567,1.000000,0.176012,0.706929,1,1
it_database,science,0,3,0.558343,0.000000,0.418757,1.000000,0.181822,0.697255,1,1
it_database,military,0,4,0.534671,0.000000,0.401003,1.000000,0.199576,0.667694,1,1
it_database,medicine,0,5,0.508581,0.000000,0.381436,1.000000,0.219143,0.635114,1,1
it_database,sports,0,6,0.508192,0.000000,0.381144,1.000000,0.219435,0.634628,1,1
it_database,law,0,7,0.498487,0.000000,0.373865,1.000000,0.226714,0.622508,1,1
it_database,everyday,0,8,0.492195,0.000000,0.369146,1.000000,0.231433,0.614650,1,1
it_database,politics,0,9,0.485501,0.000000,0.364126,1.000000,0.236453,0.606292,1,1
it_database,religion,0,10,0.468329,0.000000,0.351247,1.000000,0.249332,0.584847,1,1
it_security,it,1,1,0.669598,0.666667,0.668865,1.000000,0.000000,1.000000,1,1
it_security,science,0,2,0.529021,0.500000,0.521766,1.000000,0.147099,0.780077,1,1
it_security,law,0,3,0.503457,0.166667,0.419260,1.000000,0.249605,0.626823,1,1
it_security,sports,0,4,0.470925,0.166667,0.394860,1.000000,0.274005,0.590343,1,1
it_security,economics,0,5,0.467024,0.166667,0.391935,1.000000,0.276930,0.585970,1,1
it_security,everyday,0,6,0.452820,0.166667,0.381282,1.000000,0.287583,0.570043,1,1
it_security,politics,0,7,0.448919,0.166667,0.378356,1.000000,0.290509,0.565669,1,1
it_security,military,0,8,0.492120,0.000000,0.369090,1.000000,0.299775,0.551815,1,1
it_security,religion,0,9,0.471936,0.000000,0.353952,1.000000,0.314913,0.529183,1,1
it_security,medicine,0,10,0.465233,0.000000,0.348925,1.000000,0.319940,0.521667,1,1
it_ml,science,1,1,0.626834,0.500000,0.595125,1.000000,0.000000,1.000000,1,1
it_ml,it,1,2,0.668859,0.166667,0.543311,1.000000,0.051814,0.912936,1,1
it_ml,medicine,0,3,0.540224,0.000000,0.405168,1.000000,0.189957,0.680812,1,1
it_ml,economics,0,4,0.515505,0.000000,0.386629,1.000000,0.208496,0.649660,1,1
it_ml,law,0,5,0.501471,0.000000,0.376103,1.000000,0.219022,0.631973,1,1
it_ml,politics,0,6,0.483386,0.000000,0.362540,1.000000,0.232585,0.609183,1,1
it_ml,military,0,7,0.483055,0.000000,0.362291,1.000000,0.232834,0.608765,1,1
it_ml,sports,0,8,0.472183,0.000000,0.354137,1.000000,0.240988,0.595063,1,1
it_ml,religion,0,9,0.446618,0.000000,0.334964,1.000000,0.260161,0.562846,1,1
it_ml,everyday,0,10,0.423986,0.000000,0.317989,1.000000,0.277136,0.534323,1,1
economics_inflation,economics,1,1,0.675948,0.500000,0.631961,1.000000,0.000000,1.000000,1,1
economics_inflation,everyday,0,2,0.451813,0.166667,0.380526,1.000000,0.251435,0.602135,1,1
economics_inflation,politics,0,3,0.494388,0.000000,0.370791,1.000000,0.261170,0.586731,1,1
economics_inflation,military,0,4,0.458349,0.000000,0.343762,1.000000,0.288199,0.543961,1,1
economics_inflation,medicine,0,5,0.453996,0.000000,0.340497,1.000000,0.291464,0.538794,1,1
economics_inflation,sports,0,6,0.450996,0.000000,0.338247,1.000000,0.293714,0.535234,1,1
economics_inflation,it,0,7,0.431990,0.000000,0.323993,1.000000,0.307968,0.512679,1,1
economics_inflation,science,0,8,0.431323,0.000000,0.323492,1.000000,0.308469,0.511886,1,1
economics_inflation,law,0,9,0.420787,0.000000,0.315590,1.000000,0.316371,0.499382,1,1
economics_inflation,religion,0,10,0.419926,0.000000,0.314945,0.000000,0.317016,0.498361,0,1
economics_company,economics,1,1,0.666601,0.500000,0.624951,1.000000,0.000000,1.000000,1,1
economics_company,everyday,0,2,0.499244,0.166667,0.416100,1.000000,0.208851,0.665812,1,1
economics_company,law,0,3,0.465472,0.166667,0.390771,1.000000,0.234180,0.625283,1,1
economics_company,science,0,4,0.502187,0.000000,0.376640,1.000000,0.248311,0.602671,1,1
economics_company,medicine,0,5,0.487927,0.000000,0.365945,1.000000,0.259006,0.585558,1,1
economics_company,politics,0,6,0.485269,0.000000,0.363952,1.000000,0.260999,0.582369,1,1
economics_company,it,0,7,0.471433,0.000000,0.353575,1.000000,0.271376,0.565764,1,1
economics_company,military,0,8,0.471095,0.000000,0.353321,1.000000,0.271630,0.565358,1,1
economics_company,sports,0,9,0.451142,0.000000,0.338357,1.000000,0.286594,0.541414,1,1
economics_company,religion,0,10,0.429904,0.000000,0.322428,1.000000,0.302523,0.515925,1,1
economics_investment,economics,1,1,0.682515,0.666667,0.678553,1.000000,0.000000,1.000000,1,1
economics_investment,politics,0,2,0.472420,0.166667,0.395982,1.000000,0.282571,0.583568,1,1
economics_investment,medicine,0,3,0.455732,0.166667,0.383466,1.000000,0.295087,0.565123,1,1
economics_investment,law,0,4,0.505329,0.000000,0.378997,1.000000,0.299556,0.558537,1,1
economics_investment,it,0,5,0.485633,0.000000,0.364225,1.000000,0.314328,0.536767,1,1
economics_investment,science,0,6,0.479185,0.000000,0.359389,1.000000,0.319164,0.529640,1,1
economics_investment,military,0,7,0.478558,0.000000,0.358918,1.000000,0.319635,0.528946,1,1
economics_investment,everyday,0,8,0.469313,0.000000,0.351985,1.000000,0.326568,0.518729,1,1
economics_investment,sports,0,9,0.462489,0.000000,0.346867,1.000000,0.331686,0.511186,1,1
economics_investment,religion,0,10,0.418128,0.000000,0.313596,0.000000,0.364957,0.462154,0,1
economics_trade,economics,1,1,0.646671,0.500000,0.610003,1.000000,0.000000,1.000000,1,1
economics_trade,everyday,0,2,0.484013,0.166667,0.404676,1.000000,0.205327,0.663400,1,1
economics_trade,politics,0,3,0.449358,0.166667,0.378685,1.000000,0.231318,0.620792,1,1
economics_trade,law,0,4,0.415312,0.166667,0.353151,0.000000,0.256852,0.578933,0,1
economics_trade,science,0,5,0.460042,0.000000,0.345031,1.000000,0.264972,0.565622,1,1
economics_trade,medicine,0,6,0.459135,0.000000,0.344351,1.000000,0.265652,0.564507,1,1
economics_trade,military,0,7,0.454390,0.000000,0.340792,1.000000,0.269211,0.558673,1,1
economics_trade,it,0,8,0.440327,0.000000,0.330245,1.000000,0.279758,0.541383,1,1
economics_trade,sports,0,9,0.434991,0.000000,0.326243,1.000000,0.283760,0.534822,1,1
economics_trade,religion,0,10,0.375125,0.000000,0.281344,0.000000,0.328659,0.461217,0,1
military_defense,military,1,1,0.686693,0.833333,0.723353,1.000000,0.000000,1.000000,1,1
military_defense,sports,0,2,0.609069,0.000000,0.456802,1.000000,0.266551,0.631506,1,1
military_defense,law,0,3,0.489711,0.166667,0.408950,1.000000,0.314403,0.565353,1,1
military_defense,medicine,0,4,0.509400,0.000000,0.382050,1.000000,0.341303,0.528165,1,1
military_defense,politics,0,5,0.507533,0.000000,0.380650,1.000000,0.342703,0.526230,1,1
military_defense,it,0,6,0.503100,0.000000,0.377325,1.000000,0.346028,0.521633,1,1
military_defense,science,0,7,0.500269,0.000000,0.375202,1.000000,0.348151,0.518698,1,1
military_defense,economics,0,8,0.429413,0.166667,0.363726,1.000000,0.359627,0.502833,1,1
military_defense,religion,0,9,0.463280,0.000000,0.347460,1.000000,0.375893,0.480346,1,1
military_defense,everyday,0,10,0.448504,0.000000,0.336378,1.000000,0.386975,0.465026,1,1
military_training,military,1,1,0.672984,0.500000,0.629738,1.000000,0.000000,1.000000,1,1
military_training,sports,0,2,0.589916,0.333333,0.525770,1.000000,0.103968,0.834903,1,1
military_training,it,0,3,0.511434,0.000000,0.383576,1.000000,0.246162,0.609104,1,1
military_training,medicine,0,4,0.507440,0.000000,0.380580,1.000000,0.249158,0.604347,1,1
military_training,science,0,5,0.502609,0.000000,0.376957,1.000000,0.252781,0.598593,1,1
military_training,law,0,6,0.489576,0.000000,0.367182,1.000000,0.262556,0.583071,1,1
military_training,politics,0,7,0.485663,0.000000,0.364247,1.000000,0.265491,0.578410,1,1
military_training,everyday,0,8,0.476176,0.000000,0.357132,1.000000,0.272606,0.567112,1,1
military_training,religion,0,9,0.447479,0.000000,0.335609,1.000000,0.294129,0.532934,1,1
military_training,economics,0,10,0.443488,0.000000,0.332616,1.000000,0.297122,0.528182,1,1
military_logistics,military,1,1,0.704384,0.500000,0.653288,1.000000,0.000000,1.000000,1,1
military_logistics,sports,0,2,0.582814,0.000000,0.437111,1.000000,0.216177,0.669094,1,1
military_logistics,medicine,0,3,0.509214,0.166667,0.423577,1.000000,0.229711,0.648377,1,1
military_logistics,politics,0,4,0.501186,0.166667,0.417556,1.000000,0.235732,0.639161,1,1
military_logistics,it,0,5,0.505564,0.000000,0.379173,1.000000,0.274115,0.580407,1,1
military_logistics,economics,0,6,0.491116,0.000000,0.368337,1.000000,0.284951,0.563820,1,1
military_logistics,everyday,0,7,0.470987,0.000000,0.353240,1.000000,0.300048,0.540711,1,1
military_logistics,science,0,8,0.465356,0.000000,0.349017,1.000000,0.304271,0.534247,1,1
military_logistics,law,0,9,0.455547,0.000000,0.341660,1.000000,0.311628,0.522985,1,1
military_logistics,religion,0,10,0.441503,0.000000,0.331127,1.000000,0.322161,0.506862,1,1
military_evacuation,military,1,1,0.637989,0.666667,0.645158,1.000000,0.000000,1.000000,1,1
military_evacuation,sports,0,2,0.545334,0.166667,0.450667,1.000000,0.194491,0.698537,1,1
military_evacuation,medicine,1,3,0.588481,0.000000,0.441361,1.000000,0.203797,0.684113,1,1
military_evacuation,politics,0,4,0.451112,0.166667,0.380001,1.000000,0.265157,0.589005,1,1
military_evacuation,religion,0,5,0.475512,0.000000,0.356634,1.000000,0.288524,0.552786,1,1
military_evacuation,it,0,6,0.450315,0.000000,0.337736,1.000000,0.307422,0.523493,1,1
military_evacuation,everyday,0,7,0.449944,0.000000,0.337458,1.000000,0.307700,0.523063,1,1
military_evacuation,science,0,8,0.436578,0.000000,0.327434,1.000000,0.317724,0.507525,1,1
military_evacuation,law,0,9,0.427933,0.000000,0.320950,1.000000,0.324208,0.497475,1,1
military_evacuation,economics,0,10,0.403740,0.000000,0.302805,0.000000,0.342353,0.469350,0,1
science_experiment,science,1,1,0.710666,0.166667,0.574666,1.000000,0.000000,1.000000,1,1
science_experiment,medicine,0,2,0.658096,0.000000,0.493572,1.000000,0.081094,0.858885,1,1
science_experiment,military,0,3,0.519747,0.166667,0.431477,1.000000,0.143189,0.750831,1,1
science_experiment,it,0,4,0.573245,0.000000,0.429934,1.000000,0.144732,0.748146,1,1
science_experiment,sports,0,5,0.496869,0.166667,0.414319,1.000000,0.160347,0.720974,1,1
science_experiment,politics,0,6,0.456573,0.166667,0.384096,1.000000,0.190570,0.668381,1,1
science_experiment,law,0,7,0.508932,0.000000,0.381699,1.000000,0.192967,0.664210,1,1
science_experiment,economics,0,8,0.459022,0.000000,0.344266,1.000000,0.230400,0.599071,1,1
science_experiment,religion,0,9,0.434347,0.000000,0.325760,1.000000,0.248906,0.566868,1,1
science_experiment,everyday,0,10,0.393434,0.000000,0.295075,0.000000,0.279591,0.513472,0,1
science_article,science,1,1,0.716207,0.166667,0.578822,1.000000,0.000000,1.000000,1,1
science_article,medicine,0,2,0.565307,0.166667,0.465647,1.000000,0.113175,0.804474,1,1
science_article,it,0,3,0.563688,0.000000,0.422766,1.000000,0.156056,0.730390,1,1
science_article,law,0,4,0.560844,0.000000,0.420633,1.000000,0.158189,0.726705,1,1
science_article,sports,0,5,0.464273,0.166667,0.389872,1.000000,0.188950,0.673561,1,1
science_article,military,0,6,0.501137,0.000000,0.375853,1.000000,0.202969,0.649341,1,1
science_article,politics,0,7,0.492602,0.000000,0.369451,1.000000,0.209371,0.638281,1,1
science_article,economics,0,8,0.481518,0.000000,0.361139,1.000000,0.217683,0.623921,1,1
science_article,religion,0,9,0.476308,0.000000,0.357231,1.000000,0.221591,0.617169,1,1
science_article,everyday,0,10,0.405493,0.000000,0.304120,0.000000,0.274702,0.525412,0,1
science_biology,science,1,1,0.682429,0.333333,0.595155,1.000000,0.000000,1.000000,1,1
science_biology,medicine,0,2,0.630637,0.000000,0.472978,1.000000,0.122177,0.794714,1,1
science_biology,it,0,3,0.535988,0.000000,0.401991,1.000000,0.193164,0.675439,1,1
science_biology,sports,0,4,0.456916,0.166667,0.384354,1.000000,0.210801,0.645805,1,1
science_biology,law,0,5,0.456460,0.166667,0.384012,1.000000,0.211143,0.645230,1,1
science_biology,military,0,6,0.488815,0.000000,0.366611,1.000000,0.228544,0.615992,1,1
science_biology,economics,0,7,0.465342,0.000000,0.349006,1.000000,0.246149,0.586412,1,1
science_biology,politics,0,8,0.450123,0.000000,0.337592,1.000000,0.257563,0.567234,1,1
science_biology,religion,0,9,0.447941,0.000000,0.335956,1.000000,0.259199,0.564485,1,1
science_biology,everyday,0,10,0.398067,0.000000,0.298550,0.000000,0.296605,0.501634,0,1
science_linguistics,science,1,1,0.612454,0.166667,0.501007,1.000000,0.000000,1.000000,1,1
science_linguistics,it,0,2,0.524743,0.166667,0.435224,1.000000,0.065783,0.868698,1,1
science_linguistics,law,0,3,0.493655,0.166667,0.411908,1.000000,0.089099,0.822160,1,1
science_linguistics,religion,0,4,0.498517,0.000000,0.373888,1.000000,0.127119,0.746273,1,1
science_linguistics,sports,0,5,0.459608,0.000000,0.344706,1.000000,0.156301,0.688026,1,1
science_linguistics,everyday,0,6,0.449227,0.000000,0.336920,1.000000,0.164087,0.672486,1,1
science_linguistics,medicine,0,7,0.442594,0.000000,0.331946,1.000000,0.169061,0.662558,1,1
science_linguistics,military,0,8,0.440498,0.000000,0.330373,1.000000,0.170634,0.659418,1,1
science_linguistics,politics,0,9,0.438292,0.000000,0.328719,1.000000,0.172288,0.656117,1,1
science_linguistics,economics,0,10,0.433705,0.000000,0.325279,1.000000,0.175728,0.649250,1,1
religion_service,religion,1,1,0.728647,0.166667,0.588152,1.000000,0.000000,1.000000,1,1
religion_service,everyday,0,2,0.423288,0.166667,0.359133,1.000000,0.229019,0.610613,1,1
religion_service,sports,0,3,0.342010,0.333333,0.339841,1.000000,0.248311,0.577812,1,1
religion_service,medicine,0,4,0.420468,0.000000,0.315351,1.000000,0.272801,0.536173,1,1
religion_service,law,0,5,0.367973,0.000000,0.275980,0.000000,0.312172,0.469232,0,1
religion_service,military,0,6,0.361170,0.000000,0.270877,0.000000,0.317275,0.460556,0,1
religion_service,science,0,7,0.357670,0.000000,0.268253,0.000000,0.319899,0.456095,0,1
religion_service,it,0,8,0.356734,0.000000,0.267551,0.000000,0.320601,0.454901,0,1
religion_service,politics,0,9,0.351050,0.000000,0.263288,0.000000,0.324864,0.447653,0,1
religion_service,economics,0,10,0.339139,0.000000,0.254354,0.000000,0.333798,0.432463,0,1
religion_pilgrimage,religion,1,1,0.715997,0.166667,0.578665,1.000000,0.000000,1.000000,1,1
religion_pilgrimage,everyday,0,2,0.498558,0.000000,0.373918,1.000000,0.204747,0.646174,1,1
religion_pilgrimage,science,0,3,0.482850,0.000000,0.362138,1.000000,0.216527,0.625816,1,1
religion_pilgrimage,politics,0,4,0.461003,0.000000,0.345752,1.000000,0.232913,0.597499,1,1
religion_pilgrimage,medicine,0,5,0.425060,0.000000,0.318795,1.000000,0.259870,0.550915,1,1
religion_pilgrimage,military,0,6,0.422743,0.000000,0.317057,1.000000,0.261608,0.547911,1,1
religion_pilgrimage,it,0,7,0.412611,0.000000,0.309458,0.000000,0.269207,0.534779,0,1
religion_pilgrimage,economics,0,8,0.410133,0.000000,0.307600,0.000000,0.271065,0.531568,0,1
religion_pilgrimage,law,0,9,0.400308,0.000000,0.300231,0.000000,0.278434,0.518834,0,1
religion_pilgrimage,sports,0,10,0.373629,0.000000,0.280222,0.000000,0.298443,0.484256,0,1
religion_ethics,religion,1,1,0.623377,0.166667,0.509199,1.000000,0.000000,1.000000,1,1
religion_ethics,law,0,2,0.525176,0.166667,0.435549,1.000000,0.073650,0.855361,1,1
religion_ethics,politics,0,3,0.555587,0.000000,0.416690,1.000000,0.092509,0.818324,1,1
religion_ethics,everyday,0,4,0.534109,0.000000,0.400582,1.000000,0.108617,0.786690,1,1
religion_ethics,medicine,0,5,0.509711,0.000000,0.382283,1.000000,0.126916,0.750754,1,1
religion_ethics,military,0,6,0.505971,0.000000,0.379478,1.000000,0.129721,0.745245,1,1
religion_ethics,science,0,7,0.484515,0.000000,0.363386,1.000000,0.145813,0.713642,1,1
religion_ethics,economics,0,8,0.481417,0.000000,0.361063,1.000000,0.148136,0.709080,1,1
religion_ethics,sports,0,9,0.480962,0.000000,0.360722,1.000000,0.148477,0.708411,1,1
religion_ethics,it,0,10,0.454275,0.000000,0.340706,1.000000,0.168493,0.669102,1,1
religion_holiday,religion,1,1,0.668879,0.333333,0.584993,1.000000,0.000000,1.000000,1,1
religion_holiday,everyday,0,2,0.504966,0.166667,0.420391,1.000000,0.164602,0.718626,1,1
religion_holiday,politics,0,3,0.458835,0.000000,0.344126,1.000000,0.240867,0.588257,1,1
religion_holiday,medicine,0,4,0.446489,0.000000,0.334867,1.000000,0.250126,0.572429,1,1
religion_holiday,economics,0,5,0.440173,0.000000,0.330130,1.000000,0.254863,0.564332,1,1
religion_holiday,military,0,6,0.437789,0.000000,0.328342,1.000000,0.256651,0.561275,1,1
religion_holiday,sports,0,7,0.435789,0.000000,0.326842,1.000000,0.258151,0.558711,1,1
religion_holiday,it,0,8,0.406691,0.000000,0.305018,0.000000,0.279975,0.521405,0,1
religion_holiday,science,0,9,0.395254,0.000000,0.296440,0.000000,0.288553,0.506741,0,1
religion_holiday,law,0,10,0.385606,0.000000,0.289204,0.000000,0.295789,0.494372,0,1
politics_election,politics,1,1,0.688550,0.333333,0.599746,1.000000,0.000000,1.000000,1,1
politics_election,science,0,2,0.485415,0.166667,0.405728,1.000000,0.194018,0.676500,1,1
politics_election,sports,0,3,0.497363,0.000000,0.373022,1.000000,0.226724,0.621967,1,1
politics_election,medicine,0,4,0.469505,0.000000,0.352129,1.000000,0.247617,0.587130,1,1
politics_election,it,0,5,0.440829,0.000000,0.330622,1.000000,0.269124,0.551270,1,1
politics_election,law,0,6,0.439694,0.000000,0.329770,1.000000,0.269976,0.549849,1,1
politics_election,military,0,7,0.430814,0.000000,0.323110,1.000000,0.276636,0.538745,1,1
politics_election,economics,0,8,0.425607,0.000000,0.319205,1.000000,0.280541,0.532234,1,1
politics_election,everyday,0,9,0.381061,0.000000,0.285796,0.000000,0.313950,0.476528,0,1
politics_election,religion,0,10,0.376344,0.000000,0.282258,0.000000,0.317488,0.470629,0,1
politics_parliament,politics,1,1,0.634745,0.333333,0.559392,1.000000,0.000000,1.000000,1,1
politics_parliament,law,1,2,0.496157,0.000000,0.372118,1.000000,0.187274,0.665219,1,1
politics_parliament,sports,0,3,0.388520,0.166667,0.333057,0.000000,0.226335,0.595391,0,1
politics_parliament,science,0,4,0.430175,0.000000,0.322631,1.000000,0.236761,0.576753,1,1
politics_parliament,everyday,0,5,0.409087,0.000000,0.306815,0.000000,0.252577,0.548479,0,1
politics_parliament,economics,0,6,0.402522,0.000000,0.301891,0.000000,0.257501,0.539677,0,1
politics_parliament,medicine,0,7,0.383633,0.000000,0.287725,0.000000,0.271667,0.514353,0,1
politics_parliament,military,0,8,0.371930,0.000000,0.278948,0.000000,0.280444,0.498663,0,1
politics_parliament,it,0,9,0.363795,0.000000,0.272846,0.000000,0.286546,0.487755,0,1
politics_parliament,religion,0,10,0.356213,0.000000,0.267160,0.000000,0.292232,0.477590,0,1
politics_diplomacy,politics,1,1,0.672155,0.000000,0.504116,1.000000,0.000000,1.000000,1,1
politics_diplomacy,law,0,2,0.456979,0.166667,0.384401,1.000000,0.119715,0.762525,1,1
politics_diplomacy,everyday,0,3,0.467922,0.000000,0.350942,1.000000,0.153174,0.696153,1,1
politics_diplomacy,economics,0,4,0.440317,0.000000,0.330238,1.000000,0.173878,0.655083,1,1
politics_diplomacy,religion,0,5,0.438377,0.000000,0.328783,1.000000,0.175333,0.652197,1,1
politics_diplomacy,science,0,6,0.410964,0.000000,0.308223,0.000000,0.195893,0.611413,0,1
politics_diplomacy,military,0,7,0.400975,0.000000,0.300731,0.000000,0.203385,0.596551,0,1
politics_diplomacy,it,0,8,0.400317,0.000000,0.300238,0.000000,0.203878,0.595573,0,1
politics_diplomacy,sports,0,9,0.394018,0.000000,0.295513,0.000000,0.208603,0.586200,0,1
politics_diplomacy,medicine,0,10,0.373388,0.000000,0.280041,0.000000,0.224075,0.555509,0,1
politics_protest,politics,1,1,0.645163,0.166667,0.525539,1.000000,0.000000,1.000000,1,1
politics_protest,law,0,2,0.499576,0.166667,0.416349,1.000000,0.109190,0.792232,1,1
politics_protest,economics,0,3,0.469103,0.000000,0.351827,1.000000,0.173712,0.669459,1,1
politics_protest,military,0,4,0.456414,0.000000,0.342310,1.000000,0.183229,0.651350,1,1
politics_protest,sports,0,5,0.443439,0.000000,0.332579,1.000000,0.192960,0.632834,1,1
politics_protest,science,0,6,0.441564,0.000000,0.331173,1.000000,0.194366,0.630159,1,1
politics_protest,everyday,0,7,0.424975,0.000000,0.318731,1.000000,0.206808,0.606484,1,1
politics_protest,medicine,0,8,0.424602,0.000000,0.318451,1.000000,0.207088,0.605951,1,1
politics_protest,religion,0,9,0.423489,0.000000,0.317617,1.000000,0.207922,0.604364,1,1
politics_protest,it,0,10,0.367989,0.000000,0.275992,0.000000,0.249547,0.525160,0,1
sports_football,sports,1,1,0.648572,1.000000,0.736429,1.000000,0.000000,1.000000,1,1
sports_football,military,0,2,0.603717,0.000000,0.452788,1.000000,0.283641,0.614843,1,1
sports_football,everyday,0,3,0.458581,0.166667,0.385602,1.000000,0.350827,0.523611,1,1
sports_football,economics,0,4,0.453031,0.166667,0.381440,1.000000,0.354989,0.517959,1,1
sports_football,politics,0,5,0.471090,0.000000,0.353318,1.000000,0.383111,0.479772,1,1
sports_football,medicine,0,6,0.470721,0.000000,0.353041,1.000000,0.383388,0.479396,1,1
sports_football,it,0,7,0.447343,0.000000,0.335507,1.000000,0.400922,0.455586,1,1
sports_football,law,0,8,0.440337,0.000000,0.330253,1.000000,0.406176,0.448452,1,1
sports_football,science,0,9,0.424875,0.000000,0.318656,1.000000,0.417773,0.432704,1,1
sports_football,religion,0,10,0.424801,0.000000,0.318601,1.000000,0.417828,0.432630,1,1
sports_training,sports,1,1,0.664666,0.666667,0.665166,1.000000,0.000000,1.000000,1,1
sports_training,military,0,2,0.571911,0.000000,0.428933,1.000000,0.236233,0.644851,1,1
sports_training,it,0,3,0.463439,0.166667,0.389246,1.000000,0.275920,0.585186,1,1
sports_training,economics,0,4,0.462006,0.166667,0.388171,1.000000,0.276995,0.583570,1,1
sports_training,law,0,5,0.448295,0.166667,0.377888,1.000000,0.287278,0.568111,1,1
sports_training,medicine,0,6,0.503140,0.000000,0.377355,1.000000,0.287811,0.567310,1,1
sports_training,everyday,0,7,0.493081,0.000000,0.369811,1.000000,0.295355,0.555968,1,1
sports_training,science,0,8,0.473640,0.000000,0.355230,1.000000,0.309936,0.534047,1,1
sports_training,religion,0,9,0.452783,0.000000,0.339587,1.000000,0.325579,0.510530,1,1
sports_training,politics,0,10,0.451954,0.000000,0.338966,1.000000,0.326200,0.509596,1,1
sports_hockey,sports,1,1,0.665209,1.000000,0.748907,1.000000,0.000000,1.000000,1,1
sports_hockey,law,0,2,0.478895,0.333333,0.442504,1.000000,0.306403,0.590866,1,1
sports_hockey,military,0,3,0.521681,0.000000,0.391261,1.000000,0.357646,0.522443,1,1
sports_hockey,everyday,0,4,0.497871,0.000000,0.373403,1.000000,0.375504,0.498597,1,1
sports_hockey,medicine,0,5,0.428189,0.166667,0.362808,1.000000,0.386099,0.484450,1,1
sports_hockey,science,0,6,0.455083,0.000000,0.341312,1.000000,0.407595,0.455747,1,1
sports_hockey,religion,0,7,0.447506,0.000000,0.335630,1.000000,0.413277,0.448160,1,1
sports_hockey,politics,0,8,0.443391,0.000000,0.332543,1.000000,0.416364,0.444038,1,1
sports_hockey,economics,0,9,0.438505,0.000000,0.328879,1.000000,0.420028,0.439145,1,1
sports_hockey,it,0,10,0.401612,0.000000,0.301209,0.000000,0.447698,0.402198,0,1
sports_injury,sports,1,1,0.653353,0.500000,0.615015,1.000000,0.000000,1.000000,1,1
sports_injury,medicine,1,2,0.596038,0.166667,0.488695,1.000000,0.126320,0.794607,1,1
sports_injury,everyday,0,3,0.497090,0.166667,0.414484,1.000000,0.200531,0.673941,1,1
sports_injury,science,0,4,0.483642,0.166667,0.404398,1.000000,0.210617,0.657542,1,1
sports_injury,military,0,5,0.523976,0.000000,0.392982,1.000000,0.222033,0.638980,1,1
sports_injury,politics,0,6,0.454397,0.000000,0.340798,1.000000,0.274217,0.554130,1,1
sports_injury,law,0,7,0.452027,0.000000,0.339020,1.000000,0.275995,0.551239,1,1
sports_injury,religion,0,8,0.445991,0.000000,0.334493,1.000000,0.280522,0.543878,1,1
sports_injury,it,0,9,0.443230,0.000000,0.332423,1.000000,0.282592,0.540512,1,1
sports_injury,economics,0,10,0.431493,0.000000,0.323620,1.000000,0.291395,0.526199,1,1
everyday_shopping,everyday,1,1,0.623411,0.500000,0.592558,1.000000,0.000000,1.000000,1,1
everyday_shopping,religion,0,2,0.480359,0.000000,0.360269,1.000000,0.232289,0.607989,1,1
everyday_shopping,economics,0,3,0.455311,0.000000,0.341483,1.000000,0.251075,0.576286,1,1
everyday_shopping,medicine,0,4,0.418449,0.000000,0.313837,0.000000,0.278721,0.529631,0,1
everyday_shopping,sports,0,5,0.396859,0.000000,0.297644,0.000000,0.294914,0.502304,0,1
everyday_shopping,law,0,6,0.386651,0.000000,0.289988,0.000000,0.302570,0.489383,0,1
everyday_shopping,military,0,7,0.380142,0.000000,0.285106,0.000000,0.307452,0.481144,0,1
everyday_shopping,science,0,8,0.372161,0.000000,0.279121,0.000000,0.313437,0.471044,0,1
everyday_shopping,politics,0,9,0.367884,0.000000,0.275913,0.000000,0.316645,0.465630,0,1
everyday_shopping,it,0,10,0.366936,0.000000,0.275202,0.000000,0.317356,0.464430,0,1
everyday_transport,everyday,1,1,0.557642,1.000000,0.668231,1.000000,0.000000,1.000000,1,1
everyday_transport,economics,0,2,0.413997,0.000000,0.310498,0.000000,0.357733,0.464657,0,1
everyday_transport,it,0,3,0.412397,0.000000,0.309298,0.000000,0.358933,0.462861,0,1
everyday_transport,religion,0,4,0.399641,0.000000,0.299731,0.000000,0.368500,0.448544,0,1
everyday_transport,medicine,0,5,0.387803,0.000000,0.290852,0.000000,0.377379,0.435257,0,1
everyday_transport,military,0,6,0.384093,0.000000,0.288070,0.000000,0.380161,0.431093,0,1
everyday_transport,law,0,7,0.375674,0.000000,0.281755,0.000000,0.386476,0.421643,0,1
everyday_transport,sports,0,8,0.369963,0.000000,0.277472,0.000000,0.390759,0.415234,0,1
everyday_transport,politics,0,9,0.358785,0.000000,0.269089,0.000000,0.399142,0.402689,0,1
everyday_transport,science,0,10,0.348952,0.000000,0.261714,0.000000,0.406517,0.391652,0,1
everyday_family,everyday,1,1,0.615946,0.666667,0.628626,1.000000,0.000000,1.000000,1,1
everyday_family,religion,0,2,0.514263,0.000000,0.385697,1.000000,0.242929,0.613556,1,1
everyday_family,law,0,3,0.423970,0.000000,0.317978,1.000000,0.310648,0.505830,1,1
everyday_family,sports,0,4,0.421438,0.000000,0.316078,1.000000,0.312548,0.502808,1,1
everyday_family,medicine,0,5,0.420901,0.000000,0.315676,1.000000,0.312950,0.502168,1,1
everyday_family,economics,0,6,0.401860,0.000000,0.301395,0.000000,0.327231,0.479450,0,1
everyday_family,politics,0,7,0.380980,0.000000,0.285735,0.000000,0.342891,0.454539,0,1
everyday_family,military,0,8,0.367894,0.000000,0.275921,0.000000,0.352705,0.438927,0,1
everyday_family,it,0,9,0.353234,0.000000,0.264925,0.000000,0.363701,0.421435,0,1
everyday_family,science,0,10,0.336577,0.000000,0.252433,0.000000,0.376193,0.401563,0,1
everyday_repair,everyday,1,1,0.626597,0.833333,0.678281,1.000000,0.000000,1.000000,1,1
everyday_repair,sports,0,2,0.470926,0.333333,0.436528,1.000000,0.241753,0.643580,1,1
everyday_repair,military,0,3,0.481095,0.000000,0.360821,1.000000,0.317460,0.531964,1,1
everyday_repair,law,0,4,0.476586,0.000000,0.357440,1.000000,0.320841,0.526979,1,1
everyday_repair,religion,0,5,0.472259,0.000000,0.354194,1.000000,0.324087,0.522194,1,1
everyday_repair,economics,0,6,0.464656,0.000000,0.348492,1.000000,0.329789,0.513787,1,1
everyday_repair,it,0,7,0.460157,0.000000,0.345118,1.000000,0.333163,0.508813,1,1
everyday_repair,medicine,0,8,0.457436,0.000000,0.343077,1.000000,0.335204,0.505804,1,1
everyday_repair,politics,0,9,0.440923,0.000000,0.330692,1.000000,0.347589,0.487544,1,1
everyday_repair,science,0,10,0.417503,0.000000,0.313127,0.000000,0.365154,0.461648,0,1
hard_neutral,everyday,0,1,0.508654,0.166667,0.423157,1.000000,0.000000,1.000000,1,1
hard_neutral,religion,0,2,0.418950,0.000000,0.314213,0.000000,0.108944,0.742545,0,1
hard_neutral,medicine,0,3,0.400367,0.000000,0.300275,0.000000,0.122882,0.709607,0,1
hard_neutral,sports,0,4,0.395242,0.000000,0.296431,0.000000,0.126726,0.700523,0,1
hard_neutral,military,0,5,0.394006,0.000000,0.295505,0.000000,0.127652,0.698334,0,1
hard_neutral,science,0,6,0.387819,0.000000,0.290864,0.000000,0.132293,0.687367,0,1
hard_neutral,law,0,7,0.380750,0.000000,0.285562,0.000000,0.137595,0.674837,0,1
hard_neutral,it,0,8,0.380406,0.000000,0.285305,0.000000,0.137852,0.674230,0,1
hard_neutral,politics,0,9,0.364433,0.000000,0.273325,0.000000,0.149832,0.645919,0,1
hard_neutral,economics,0,10,0.339296,0.000000,0.254472,0.000000,0.168685,0.601365,0,1
hard_mixed_politics_economics,economics,1,1,0.633658,0.666667,0.641910,1.000000,0.000000,1.000000,1,1
hard_mixed_politics_economics,politics,1,2,0.606936,0.166667,0.496869,1.000000,0.145041,0.774048,1,1
hard_mixed_politics_economics,law,0,3,0.486566,0.166667,0.406591,1.000000,0.235319,0.633408,1,1
hard_mixed_politics_economics,science,0,4,0.476140,0.000000,0.357105,1.000000,0.284805,0.556316,1,1
hard_mixed_politics_economics,everyday,0,5,0.473313,0.000000,0.354985,1.000000,0.286925,0.553014,1,1
hard_mixed_politics_economics,medicine,0,6,0.458778,0.000000,0.344083,1.000000,0.297827,0.536030,1,1
hard_mixed_politics_economics,religion,0,7,0.447032,0.000000,0.335274,1.000000,0.306636,0.522307,1,1
hard_mixed_politics_economics,it,0,8,0.442721,0.000000,0.332041,1.000000,0.309869,0.517270,1,1
hard_mixed_politics_economics,military,0,9,0.441114,0.000000,0.330836,1.000000,0.311074,0.515393,1,1
hard_mixed_politics_economics,sports,0,10,0.437112,0.000000,0.327834,1.000000,0.314076,0.510716,1,1
hard_law_politics_overlap,politics,1,1,0.603670,0.500000,0.577753,1.000000,0.000000,1.000000,1,1
hard_law_politics_overlap,law,1,2,0.598598,0.333333,0.532282,1.000000,0.045471,0.921297,1,1
hard_law_politics_overlap,science,0,3,0.403975,0.166667,0.344648,0.000000,0.233105,0.596532,0,1
hard_law_politics_overlap,sports,0,4,0.416606,0.000000,0.312454,0.000000,0.265299,0.540809,0,1
hard_law_politics_overlap,medicine,0,5,0.401682,0.000000,0.301261,0.000000,0.276492,0.521436,0,1
hard_law_politics_overlap,economics,0,6,0.391698,0.000000,0.293774,0.000000,0.283979,0.508477,0,1
hard_law_politics_overlap,it,0,7,0.391156,0.000000,0.293367,0.000000,0.284386,0.507772,0,1
hard_law_politics_overlap,military,0,8,0.389087,0.000000,0.291815,0.000000,0.285938,0.505086,0,1
hard_law_politics_overlap,everyday,0,9,0.383073,0.000000,0.287305,0.000000,0.290448,0.497280,0,1
hard_law_politics_overlap,religion,0,10,0.366420,0.000000,0.274815,0.000000,0.302938,0.475662,0,1
hard_single_keyword,everyday,1,1,0.518642,0.166667,0.430648,1.000000,0.000000,1.000000,1,1
hard_single_keyword,law,0,2,0.424092,0.166667,0.359736,1.000000,0.070912,0.835337,1,1
hard_single_keyword,religion,0,3,0.450180,0.000000,0.337635,1.000000,0.093013,0.784016,1,1
hard_single_keyword,medicine,0,4,0.421443,0.000000,0.316082,1.000000,0.114566,0.733968,1,1
hard_single_keyword,it,0,5,0.419590,0.000000,0.314693,0.000000,0.115955,0.730743,0,1
hard_single_keyword,sports,0,6,0.406841,0.000000,0.305131,0.000000,0.125517,0.708539,0,1
hard_single_keyword,economics,0,7,0.405359,0.000000,0.304019,0.000000,0.126629,0.705957,0,1
hard_single_keyword,military,0,8,0.390956,0.000000,0.293217,0.000000,0.137431,0.680874,0,1
hard_single_keyword,science,0,9,0.387513,0.000000,0.290635,0.000000,0.140013,0.674878,0,1
hard_single_keyword,politics,0,10,0.373321,0.000000,0.279991,0.000000,0.150657,0.650162,0,1
hard_very_short,sports,1,1,0.656311,0.166667,0.533900,1.000000,0.000000,1.000000,1,1
hard_very_short,law,0,2,0.501917,0.000000,0.376438,1.000000,0.157462,0.705072,1,1
hard_very_short,military,0,3,0.500031,0.000000,0.375023,1.000000,0.158877,0.702422,1,1
hard_very_short,everyday,0,4,0.493335,0.000000,0.370001,1.000000,0.163899,0.693016,1,1
hard_very_short,it,0,5,0.470318,0.000000,0.352739,1.000000,0.181161,0.660684,1,1
hard_very_short,science,0,6,0.460021,0.000000,0.345016,1.000000,0.188884,0.646218,1,1
hard_very_short,politics,0,7,0.456851,0.000000,0.342638,1.000000,0.191262,0.641764,1,1
hard_very_short,economics,0,8,0.454729,0.000000,0.341047,1.000000,0.192853,0.638784,1,1
hard_very_short,religion,0,9,0.453069,0.000000,0.339802,1.000000,0.194098,0.636453,1,1
hard_very_short,medicine,0,10,0.436680,0.000000,0.327510,1.000000,0.206390,0.613429,1,1
hard_semantic_without_direct_keyword,science,1,1,0.604232,0.000000,0.453174,1.000000,0.000000,1.000000,1,1
hard_semantic_without_direct_keyword,medicine,0,2,0.564186,0.000000,0.423140,1.000000,0.030034,0.933725,1,1
hard_semantic_without_direct_keyword,it,0,3,0.552944,0.000000,0.414708,1.000000,0.038466,0.915119,1,1
hard_semantic_without_direct_keyword,sports,0,4,0.486719,0.166667,0.406706,1.000000,0.046468,0.897461,1,1
hard_semantic_without_direct_keyword,everyday,0,5,0.448004,0.166667,0.377670,1.000000,0.075504,0.833388,1,1
hard_semantic_without_direct_keyword,military,0,6,0.494831,0.000000,0.371123,1.000000,0.082051,0.818942,1,1
hard_semantic_without_direct_keyword,law,0,7,0.486090,0.000000,0.364568,1.000000,0.088606,0.804477,1,1
hard_semantic_without_direct_keyword,religion,0,8,0.453036,0.000000,0.339777,1.000000,0.113397,0.749772,1,1
hard_semantic_without_direct_keyword,economics,0,9,0.440354,0.000000,0.330265,1.000000,0.122909,0.728782,1,1
hard_semantic_without_direct_keyword,politics,0,10,0.415308,0.000000,0.311481,0.000000,0.141693,0.687332,0,1
hard_medicine_sports_overlap,medicine,1,1,0.610540,0.666667,0.624572,1.000000,0.000000,1.000000,1,1
hard_medicine_sports_overlap,science,0,2,0.581951,0.166667,0.478130,1.000000,0.146442,0.765532,1,1
hard_medicine_sports_overlap,sports,1,3,0.616566,0.000000,0.462424,1.000000,0.162148,0.740385,1,1
hard_medicine_sports_overlap,politics,0,4,0.510849,0.166667,0.424804,1.000000,0.199768,0.680152,1,1
hard_medicine_sports_overlap,law,0,5,0.524537,0.000000,0.393403,1.000000,0.231169,0.629876,1,1
hard_medicine_sports_overlap,military,0,6,0.523633,0.000000,0.392725,1.000000,0.231847,0.628791,1,1
hard_medicine_sports_overlap,it,0,7,0.501394,0.000000,0.376046,1.000000,0.248526,0.602086,1,1
hard_medicine_sports_overlap,religion,0,8,0.494524,0.000000,0.370893,1.000000,0.253679,0.593835,1,1
hard_medicine_sports_overlap,economics,0,9,0.493183,0.000000,0.369887,1.000000,0.254685,0.592225,1,1
hard_medicine_sports_overlap,everyday,0,10,0.483591,0.000000,0.362693,1.000000,0.261879,0.580706,1,1
hard_metaphorical_attack,military,0,1,0.565623,0.333333,0.507551,1.000000,0.000000,1.000000,1,1
hard_metaphorical_attack,economics,1,2,0.585889,0.166667,0.481083,1.000000,0.026468,0.947852,1,1
hard_metaphorical_attack,sports,0,3,0.556256,0.166667,0.458859,1.000000,0.048692,0.904065,1,1
hard_metaphorical_attack,medicine,0,4,0.508812,0.166667,0.423276,1.000000,0.084275,0.833958,1,1
hard_metaphorical_attack,science,0,5,0.539406,0.000000,0.404555,1.000000,0.102996,0.797073,1,1
hard_metaphorical_attack,politics,0,6,0.519268,0.000000,0.389451,1.000000,0.118100,0.767314,1,1
hard_metaphorical_attack,everyday,0,7,0.496954,0.000000,0.372715,1.000000,0.134836,0.734340,1,1
hard_metaphorical_attack,it,0,8,0.489616,0.000000,0.367212,1.000000,0.140339,0.723498,1,1
hard_metaphorical_attack,law,0,9,0.475054,0.000000,0.356290,1.000000,0.151261,0.701979,1,1
hard_metaphorical_attack,religion,0,10,0.406306,0.000000,0.304729,0.000000,0.202822,0.600391,0,1
hard_long_multisegment,economics,1,1,0.544766,0.222222,0.464130,1.000000,0.000000,1.000000,3,3
hard_long_multisegment,it,1,2,0.593449,0.055556,0.458976,1.000000,0.005154,0.988895,3,3
hard_long_multisegment,military,0,3,0.545260,0.000000,0.408945,1.000000,0.055185,0.881100,3,3
hard_long_multisegment,science,0,4,0.504425,0.111111,0.406096,1.000000,0.058034,0.874962,3,3
hard_long_multisegment,sports,0,5,0.520585,0.055556,0.404328,1.000000,0.059802,0.871152,3,3
hard_long_multisegment,everyday,0,6,0.505196,0.055556,0.392786,1.000000,0.071344,0.846284,3,3
hard_long_multisegment,medicine,0,7,0.501531,0.055556,0.390037,1.000000,0.074093,0.840362,3,3
hard_long_multisegment,politics,0,8,0.473182,0.111111,0.382664,0.666667,0.081466,0.824476,2,3
hard_long_multisegment,law,0,9,0.474958,0.055556,0.370107,1.000000,0.094023,0.797421,3,3
hard_long_multisegment,religion,0,10,0.459185,0.000000,0.344388,1.000000,0.119742,0.742008,3,3
hard_religion_history,religion,1,1,0.654884,0.000000,0.491163,1.000000,0.000000,1.000000,1,1
hard_religion_history,science,1,2,0.588036,0.000000,0.441027,1.000000,0.050136,0.897924,1,1
hard_religion_history,everyday,0,3,0.488216,0.166667,0.407829,1.000000,0.083334,0.830333,1,1
hard_religion_history,it,0,4,0.472879,0.000000,0.354659,1.000000,0.136504,0.722080,1,1
hard_religion_history,military,0,5,0.468942,0.000000,0.351707,1.000000,0.139456,0.716070,1,1
hard_religion_history,economics,0,6,0.467427,0.000000,0.350570,1.000000,0.140593,0.713755,1,1
hard_religion_history,politics,0,7,0.457192,0.000000,0.342894,1.000000,0.148269,0.698127,1,1
hard_religion_history,law,0,8,0.449186,0.000000,0.336889,1.000000,0.154274,0.685901,1,1
hard_religion_history,medicine,0,9,0.430250,0.000000,0.322688,1.000000,0.168475,0.656988,1,1
hard_religion_history,sports,0,10,0.400685,0.000000,0.300514,0.000000,0.190649,0.611842,0,1
